House_Id,Year_Built,House_Age,House_Price,Price_Per_Sqft,Square_Footage,Num_Bedrooms,Num_Bathrooms,Lot_Size,Garage_Size,Neighborhood_Quality
1,1981,44,262382.8522740563,192.93,1360,2,1,0.5996366396268326,0,5
2,2016,9,985260.854490162,230.63,4272,3,3,4.75301384940204,1,6
3,2016,9,777977.3901185812,216.59,3592,1,2,3.634822720478255,0,9
4,1977,48,229698.9186636115,237.78,966,1,2,2.73066687604351,1,8
5,1993,32,1041740.8589249004,211.48,4926,2,1,4.699072554837388,0,8
6,1990,35,879796.9835223783,223.07,3944,5,3,2.475930043628728,2,8
7,2012,13,814427.8614089885,221.85,3671,1,2,4.911960066216673,0,1
8,1972,53,703413.1109446795,205.74,3419,1,1,2.805281407595683,1,1
9,1997,28,173875.03721558454,275.99,630,3,3,1.0142859649909075,1,8
10,1981,44,504176.5060593679,230.74,2185,4,2,3.9416043760667474,2,5
11,2006,19,335332.59275293903,264.25,1269,2,2,3.5550397628502823,1,9
12,1982,43,635097.3959198,219.68,2891,2,3,3.9784402458751407,0,2
13,1973,52,701133.8041471172,239.05,2933,5,3,4.781489129265565,2,9
14,1988,37,440726.2848162878,261.71,1684,5,3,3.994201861929581,1,8
15,1983,42,838719.430503504,215.89,3885,2,3,3.251014709974911,1,9
16,2005,20,1019192.6613592046,220.75,4617,5,1,4.3578900606237845,0,4
17,1977,48,735850.8123421574,216.17,3404,3,3,3.529608977095392,0,1
18,1986,39,234261.64997473892,240.52,974,2,2,2.336535755716654,2,1
19,1956,69,396246.3588887452,250.47,1582,5,2,4.48528893908798,1,5
20,2017,8,672852.0519810001,220.03,3058,2,1,1.498552073529678,0,2
21,1986,39,586086.5685389101,230.11,2547,4,2,3.715885737089259,2,8
22,2005,20,740174.0146550778,227.96,3247,1,2,4.467035547233406,1,10
23,2014,11,370167.09090271546,250.96,1475,2,3,3.790924338664833,1,5
24,2014,11,530824.1967752124,230.19,2306,1,2,3.637739385742356,2,5
25,1996,29,227515.3002879812,330.21,689,5,1,3.8868723233232623,2,2
26,1969,56,652166.1423658864,201.66,3234,1,3,2.5927486173529,0,7
27,1968,57,745670.6371477235,212.74,3505,2,3,4.433768069706617,1,8
28,1978,47,513161.95119306416,213.91,2399,4,1,1.4154641381124105,1,10
29,2009,16,432357.9061027443,244.68,1767,5,3,1.073238872001527,1,1
30,1967,58,434165.8966340506,214.09,2028,2,3,1.784789510533302,2,2
31,1984,41,809686.201143527,218.72,3702,5,1,2.892098285487469,0,10
32,1992,33,883819.0911218557,217.9,4056,3,3,2.7975280793420216,1,4
33,1960,65,912468.0479046734,207.85,4390,1,1,4.19269440954464,2,5
34,1998,27,281313.0614448485,245.47,1146,3,1,2.3205589538180784,1,2
35,1987,38,705923.3148916194,208.36,3388,2,2,2.679549918311789,0,1
36,2013,12,656980.4604282172,223.84,2935,4,2,0.5601545746672804,1,9
37,2018,7,318266.2771320871,289.33,1100,5,3,2.343826563993226,0,1
38,1957,68,582468.7977365239,203.45,2863,1,3,3.4149840482765392,0,4
39,1983,42,541967.633559251,211.62,2561,5,1,0.5697874878196648,1,2
40,1997,28,188531.42345710637,254.43,741,2,3,1.763968843338097,1,4
41,2005,20,565562.7504321395,222.57,2541,5,1,1.4358036168022548,0,8
42,2014,11,697574.5556670319,209.86,3324,1,1,0.688934430093147,2,8
43,1980,45,666733.4734616925,214.25,3112,2,3,2.6566704046154186,0,9
44,1953,72,376388.0216286443,202.03,1863,5,1,1.317754819526704,1,5
45,1999,26,485380.95019563066,245.39,1978,4,2,3.8438669283412095,1,7
46,2018,7,735678.4622017285,240.73,3056,2,3,4.315675476935068,2,3
47,1979,46,296291.0010075069,232.39,1275,2,2,2.9551333220111653,0,10
48,2008,17,1046315.8960136625,231.79,4514,4,3,4.917683041345137,0,4
49,2016,9,187508.58531168045,351.14,534,3,1,2.527153571617679,0,10
50,1994,31,793995.2848757812,217.41,3652,1,3,2.81015694601212,1,9
51,1953,72,527393.5128875901,214.82,2455,3,2,4.951479892809876,0,10
52,1975,50,467768.122943975,224.35,2085,5,1,1.5419679618427198,2,10
53,1976,49,981190.782911222,220.84,4443,4,3,4.741456728546074,1,1
54,1995,30,750481.7169351575,210.04,3573,3,3,0.6927689980360097,1,2
55,2013,12,377511.26849809097,248.2,1521,2,3,2.5087410061843767,0,5
56,2000,25,866877.3524150968,218.85,3961,5,2,0.815015804598796,2,3
57,1999,26,731331.6610567131,234.93,3113,5,2,3.7815563431113937,1,2
58,1955,70,899382.8651584806,207.09,4343,3,3,3.23784021146008,1,1
59,2008,17,485622.401919989,242.81,2000,3,1,3.679854185604184,0,10
60,1964,61,147601.55157708153,223.3,661,4,1,2.1851617998560764,0,3
61,1979,46,986006.861736761,205.55,4797,1,2,2.162668703141211,2,1
62,1991,34,509725.550655089,205.45,2481,3,1,0.7039367553240257,0,1
63,1986,39,346932.6209008944,232.06,1495,3,2,2.074752227883379,2,1
64,1991,34,863289.3969030941,224.7,3842,2,3,4.681797810179267,1,8
65,1984,41,919295.8540615214,213.89,4298,5,2,2.2065194173120206,2,3
66,1955,70,406069.2709127523,228.77,1775,1,2,4.241154677998865,2,1
67,2017,8,397346.1108776756,262.1,1516,2,3,4.290464771374703,2,7
68,1967,58,191117.1012230497,228.34,837,4,1,2.1795852037065524,1,10
69,2022,3,384461.3548261602,279.0,1378,4,2,3.3439490617828507,0,3
70,1978,47,340980.72481778456,216.36,1576,3,2,0.9291722102287638,1,8
71,2008,17,951093.5469938468,211.68,4493,3,3,0.9665536133042444,0,4
72,1996,29,217010.48526715024,246.88,879,4,1,0.7189594864777099,2,4
73,1966,59,248224.0196560961,250.23,992,3,2,3.114567920187993,2,5
74,1971,54,538349.0962151848,210.13,2562,1,3,2.417319399317437,2,6
75,2017,8,985223.9966541852,224.73,4384,3,2,2.9661456049890806,2,7
76,2018,7,242865.9315016322,430.61,564,5,3,2.844829357287745,2,4
77,1986,39,654466.9454086807,213.32,3068,3,1,2.0759134599082865,0,8
78,1998,27,551967.8882668803,218.43,2527,2,1,3.548630366705628,0,6
79,1962,63,663904.9927177994,207.79,3195,1,1,3.913258464123758,2,1
80,1983,42,397482.74798703607,199.24,1995,2,1,0.5658271649495408,1,1
81,2002,23,209632.84147750464,235.28,891,2,2,1.4325903489599523,1,9
82,2000,25,1107045.062935083,222.57,4974,5,2,3.709561406375016,2,10
83,1952,73,787420.4040749857,193.9,4061,1,1,2.239790776852254,0,6
84,1991,34,605371.7047170609,217.92,2778,1,1,3.4811777612372365,1,10
85,1981,44,721018.0639031393,200.34,3599,1,1,2.061331968805513,1,8
86,2000,25,199066.37891066872,284.38,700,1,2,2.258398185483367,1,7
87,1995,30,730047.4973881331,202.57,3604,1,1,1.2140549316035822,2,6
88,1970,55,627923.6171994702,212.57,2954,5,1,1.6620395884977202,1,4
89,1993,32,898283.8867356428,216.72,4145,3,1,3.2243529087841427,1,7
90,1960,65,277832.10571177263,213.06,1304,2,3,2.4492340009182487,1,9
91,2017,8,731490.1175330897,226.4,3231,1,1,3.9843620732506784,1,10
92,1950,75,688357.648480334,210.31,3273,3,3,4.336632297222542,0,10
93,2012,13,525582.3102214569,253.9,2070,3,3,2.9374088819754194,2,7
94,1973,52,684824.5348634415,214.68,3190,2,1,3.912202814252266,2,1
95,1962,63,903251.9405609448,208.12,4340,5,3,1.881070309375565,0,10
96,1960,65,323118.7393152309,211.47,1528,4,1,2.367370469300352,0,9
97,2000,25,307101.6858385633,306.49,1002,4,2,3.7074995429757394,2,4
98,1966,59,1020324.7565966452,204.35,4993,3,2,2.237953967676638,1,3
99,1973,52,304730.506229004,222.43,1370,2,2,3.1482722082154497,1,4
100,1968,57,1026397.296612232,205.77,4988,4,2,1.3341775058713017,2,4
101,1986,39,199414.94263280893,282.46,706,3,3,3.198970917367241,1,10
102,1957,68,472657.61431723344,238.23,1984,5,1,4.376811682521021,0,2
103,1977,48,340069.229775934,249.5,1363,4,1,4.408878379205415,1,1
104,1954,71,696709.415289048,211.77,3290,3,1,3.759549828482928,1,10
105,1966,59,266533.05392411625,250.74,1063,3,2,3.855890205842567,1,1
106,1985,40,971514.7620428528,207.1,4691,1,2,3.010673503178153,2,8
107,1968,57,501305.5489940659,222.11,2257,5,1,3.1310064057462115,0,2
108,2013,12,480961.44203831744,220.83,2178,1,2,1.101427616347331,1,10
109,1960,65,758977.8818675748,202.83,3742,2,1,2.4973663478958548,2,5
110,2003,22,364658.5286208398,233.91,1559,1,1,2.528493277488637,1,4
111,1994,31,515813.7578353911,232.14,2222,1,1,4.813240260504831,0,8
112,1996,29,834587.5117736553,218.82,3814,4,1,2.439890881804802,1,2
113,1961,64,747384.0608082061,204.37,3657,3,1,2.9720419020624096,0,10
114,1970,55,667696.0449735246,213.66,3125,5,1,2.899631296755961,1,9
115,1960,65,645145.5398468642,199.8,3229,1,1,3.365427726699472,0,7
116,1954,71,481368.1255215702,229.55,2097,5,2,3.8670477409935313,1,7
117,2005,20,740148.1937768575,207.91,3560,1,1,1.5126884427689244,0,1
118,1969,56,639073.1842415399,200.15,3193,2,1,2.879259885942961,1,2
119,1990,35,886568.3132277146,214.82,4127,1,2,4.216629682922137,1,4
120,1995,30,450941.1354372639,242.05,1863,4,2,2.5840162122688017,2,4
121,1961,64,513720.44181706064,207.06,2481,3,2,1.7530589586810783,2,3
122,2019,6,521205.600976709,240.96,2163,2,1,3.446190839103346,0,7
123,1966,59,455122.0999589496,224.31,2029,1,3,4.2069532810960535,1,8
124,1968,57,551463.8888534079,217.28,2538,5,3,0.784131318173261,0,2
125,1975,50,816173.7524264855,214.67,3802,2,2,3.995557175332522,2,4
126,1997,28,637736.0103999889,233.01,2737,2,3,4.197415698327971,0,3
127,2001,24,420203.4615575062,232.67,1806,1,2,2.576853174148731,0,2
128,2019,6,1026790.0663279732,226.71,4529,2,1,4.924875455683103,2,6
129,2004,21,744681.397063456,234.55,3175,5,3,4.040187533182891,1,4
130,1982,43,400585.46235503367,224.8,1782,2,1,3.981481542030496,0,6
131,2011,14,368327.4567183169,304.65,1209,5,3,3.865273584854323,2,2
132,1972,53,977158.5923179968,198.89,4913,1,1,1.177736464482233,1,4
133,1964,61,883626.6203857235,208.01,4248,3,3,1.4775389890385486,2,6
134,1976,49,244030.4071335913,209.83,1163,2,1,2.5879555915899126,0,5
135,2013,12,558598.6787614333,223.62,2498,3,1,1.6880195748175963,1,3
136,2000,25,860329.4923109863,218.08,3945,5,3,2.368584375503182,1,8
137,2002,23,947490.777477816,223.31,4243,2,1,4.498088494653143,2,7
138,2000,25,492018.32279508375,246.63,1995,4,1,4.209471013456712,2,3
139,1996,29,832386.3311958439,218.82,3804,3,1,3.33517945315992,2,6
140,1953,72,893926.6294720689,209.69,4263,2,3,4.361541774129966,1,4
141,1956,69,534464.9120087984,227.14,2353,3,3,4.026975750577622,1,5
142,1984,41,355281.41848528635,198.37,1791,2,1,2.430432193284007,0,5
143,1997,28,834105.7943401121,204.39,4081,1,1,1.404793184224753,1,7
144,2022,3,885550.3826256534,223.79,3957,3,3,2.813904680042026,0,5
145,2021,4,551859.0856947603,258.36,2136,4,3,3.813029971378476,2,3
146,1994,31,922420.588370604,219.83,4196,4,1,2.4638881942831685,2,10
147,2021,4,804433.8093218554,229.9,3499,5,1,3.5004735940275373,1,5
148,1968,57,734985.0630470021,201.26,3652,2,1,0.9244734183096964,2,7
149,2012,13,346152.8475921306,288.94,1198,3,2,3.866021313671316,2,5
150,1987,38,649973.3618681368,244.35,2660,5,3,4.157211289518779,1,5
151,2016,9,1006939.6644174114,219.04,4597,3,2,3.680770351012435,0,9
152,2008,17,370260.6031667921,273.46,1354,2,3,4.852686143868645,1,3
153,2018,7,928059.7129533672,233.53,3974,4,3,4.219934258572882,0,6
154,1962,63,492112.0397149675,222.98,2207,1,3,4.563921775444422,1,1
155,1996,29,752466.6746666236,229.62,3277,4,3,4.7010698755594165,1,10
156,2010,15,573797.9393068494,256.96,2233,5,3,4.106065963432139,2,5
157,1980,45,854876.2983739193,213.19,4010,1,3,3.534164789029246,1,8
158,1971,54,183663.6464573192,261.63,702,5,3,0.5257336161235517,1,5
159,1992,33,788150.9318106314,209.89,3755,2,2,2.596215889504061,0,9
160,2016,9,981510.89525884,208.04,4718,1,1,3.0702303438006244,2,6
161,2003,22,1070454.2752476104,214.26,4996,5,1,1.8681362260159984,0,8
162,1959,66,241968.8432665446,191.13,1266,2,2,1.931470011065624,0,10
163,1991,34,1064004.872579212,217.63,4889,4,2,4.825217370695743,2,8
164,2013,12,640767.2241513439,226.66,2827,2,2,4.512698893412357,2,3
165,1970,55,762159.3914733424,222.14,3431,3,2,4.321305524757669,2,7
166,2015,10,216591.97111921213,310.75,697,2,3,2.327053107677498,1,7
167,1990,35,497168.0883454792,204.6,2430,2,1,0.5616434768401155,2,10
168,1973,52,857205.2452653883,210.0,4082,3,3,0.8610001090507133,2,6
169,1984,41,285546.501684919,257.71,1108,5,1,1.9048836569792165,2,7
170,2005,20,819125.6470544274,217.16,3772,5,1,0.5708431084805464,0,2
171,1979,46,316130.2555576059,191.94,1647,2,2,0.5771740186183916,0,9
172,2006,19,1067425.216621323,223.22,4782,3,3,4.62471485739085,1,10
173,1996,29,837398.565143556,214.88,3897,3,2,3.677713259535744,0,10
174,1984,41,658260.7060110456,218.62,3011,4,3,1.890301955306687,1,1
175,1968,57,475767.3504503976,207.4,2294,5,1,1.0969005992042893,0,1
176,1957,68,250101.5473305484,215.79,1159,1,2,2.802360730527847,2,3
177,1975,50,688516.5046690886,207.95,3311,5,2,0.52405772384464,0,3
178,2020,5,510876.9990932239,273.34,1869,5,1,4.722861847361648,1,1
179,1979,46,543734.421890143,218.72,2486,4,1,2.366668037250262,0,7
180,1956,69,146406.89625235138,226.64,646,1,1,2.3105072985679973,2,4
181,2016,9,828512.1019589091,222.78,3719,4,2,2.25767123411802,1,10
182,2014,11,719969.4352945103,211.07,3411,1,3,0.8119774867449414,2,2
183,1985,40,507847.5873391124,227.33,2234,2,2,3.37245007906322,2,10
184,1974,51,507554.9440535184,216.63,2343,1,3,3.79851628832759,1,5
185,1986,39,294558.07202157495,298.14,988,4,2,3.542564289147306,2,6
186,1950,75,712212.2154102818,204.89,3476,5,2,1.1229597199822745,2,9
187,1964,61,491715.9476636626,199.97,2459,1,1,3.1047807561601664,0,4
188,1986,39,625227.045470116,216.72,2885,1,3,3.062680178775142,2,2
189,1962,63,752101.9024207598,219.98,3419,3,2,4.407848545736219,2,5
190,1957,68,501913.6471080413,218.03,2302,5,2,2.2060744626904114,2,3
191,1954,71,907358.632995708,198.94,4561,2,1,2.171686746467454,2,2
192,2009,16,878704.0956397129,227.11,3869,4,1,3.283371764231835,1,1
193,2022,3,237070.7057045996,311.12,762,2,3,3.3488269407478084,0,10
194,1950,75,267132.4135848208,237.87,1123,5,2,2.6117835229660566,2,2
195,1985,40,353129.5684734057,232.94,1516,1,3,2.493767130486895,2,6
196,1984,41,845141.6166638864,203.99,4143,1,2,2.723664517870472,1,8
197,2015,10,656223.1627305328,257.44,2549,5,3,4.374703847764904,2,3
198,2012,13,884677.6890798345,209.49,4223,1,1,2.575251055642595,1,9
199,1972,53,775773.2237663032,215.01,3608,1,2,4.729693063864201,0,9
200,1958,67,918893.7439235622,200.19,4590,1,3,2.768016936183467,0,2
201,1983,42,607698.7371081988,237.75,2556,4,1,4.771403119314011,2,8
202,1995,30,838774.4840391098,228.55,3670,4,1,4.247743558410841,2,10
203,1953,72,470978.4795328964,215.85,2182,3,3,2.130940951771231,2,5
204,1979,46,616308.9624199027,223.71,2755,2,2,4.386386395834772,1,4
205,2021,4,417416.2622542783,252.37,1654,5,2,0.9952847789050184,2,10
206,1952,73,1060976.488572305,212.24,4999,5,1,4.662712289043565,2,5
207,1963,62,809046.2841762663,219.19,3691,5,2,3.342395817873012,0,4
208,2009,16,485376.42332357954,221.03,2196,3,2,0.7447583683504003,2,8
209,1994,31,965816.66811073,215.06,4491,4,2,3.399155256428652,0,4
210,1983,42,517515.4060050993,240.93,2148,3,1,4.884114443651402,2,10
211,1994,31,438250.1761546225,225.32,1945,5,3,0.8141029457658302,0,6
212,2010,15,1008240.7854354944,214.56,4699,2,2,2.9960946940103885,2,2
213,1965,60,888140.07598706,200.8,4423,1,1,3.865074573917176,0,5
214,2015,10,252963.3562076132,335.94,753,4,1,4.146163640147891,1,6
215,1989,36,801206.2036701888,217.54,3683,4,3,2.362223593943581,0,5
216,1966,59,624112.1600204634,204.16,3057,3,2,1.4187495162570936,0,2
217,1983,42,155471.16626013073,259.99,598,4,2,0.6905402544757273,0,7
218,1965,60,617900.4948407207,228.85,2700,5,3,3.1087677069375115,2,4
219,2009,16,798362.7750475319,230.67,3461,5,3,2.5380998162042485,2,8
220,2015,10,1096158.2899088082,222.21,4933,3,1,4.7693497781737,2,7
221,2015,10,927092.4059599084,216.76,4277,5,1,0.772722084717094,1,7
222,1962,63,728289.8873118911,216.17,3369,2,3,3.5842790455070257,1,9
223,2005,20,785248.3619879358,210.3,3734,3,2,0.6123479995402572,0,1
224,1980,45,862580.4983858576,201.02,4291,2,1,1.2714537951974425,1,10
225,1983,42,297387.92248393584,204.25,1456,1,1,2.541105499652754,0,6
226,1988,37,938151.8372450712,205.42,4567,2,2,2.546925992612907,0,6
227,2016,9,203447.4833684562,308.25,660,1,1,3.5856524432013974,0,6
228,1957,68,1038319.1650899692,207.95,4993,1,2,4.595958656904905,1,6
229,2004,21,443408.3059778237,246.34,1800,2,2,3.375644715117144,2,10
230,1976,49,971977.0246414564,216.62,4487,3,2,4.79090794033179,1,7
231,2002,23,539478.4031506823,266.15,2027,5,3,4.467270379450989,0,10
232,1988,37,424712.5512524801,247.21,1718,5,3,3.1302490798885563,0,6
233,2014,11,1102533.6490590929,220.68,4996,1,3,4.252063779134723,1,1
234,1966,59,740286.5597469498,205.41,3604,1,2,3.3915992464563534,0,3
235,1979,46,655719.1459405582,202.7,3235,3,2,0.8535102391567722,0,2
236,2002,23,402213.42189319455,276.63,1454,4,3,3.832541254667795,1,6
237,1962,63,779202.6809723858,197.47,3946,2,1,0.927087985703058,1,8
238,1970,55,338170.31528112484,218.88,1545,1,2,3.173372512563706,1,3
239,1968,57,497340.9981159924,226.79,2193,5,1,3.6618809263620298,0,10
240,2002,23,815811.6827370644,207.27,3936,3,1,0.7993742369488486,0,8
241,1968,57,250362.35906874528,235.75,1062,2,2,1.538575942669393,2,8
242,2006,19,717150.4421296231,240.25,2985,3,2,4.620525045177424,2,5
243,1974,51,811129.4971755756,210.46,3854,2,1,3.2734152150480336,1,8
244,1980,45,165242.29785174478,227.92,725,2,1,1.608287084647392,2,6
245,2004,21,370992.4565584571,254.28,1459,1,3,3.60805897016603,0,5
246,1972,53,779362.3561113286,218.49,3567,3,3,3.1854938898276037,2,9
247,1981,44,308618.40727220185,234.69,1315,3,2,2.757090649630768,0,7
248,2011,14,861356.9775590366,237.94,3620,5,3,4.892841387446377,1,8
249,1959,66,171023.95659837997,331.44,516,5,3,3.57554199833379,1,1
250,2021,4,381738.0175438036,219.01,1743,1,3,2.189484993505607,0,2
251,2003,22,628610.9650581649,232.39,2705,1,3,4.100330444345905,2,8
252,2001,24,698124.6114710766,230.86,3024,4,1,4.480624818145345,1,9
253,1969,56,362679.08775021497,231.15,1569,5,2,1.0634925178257415,1,4
254,1981,44,822030.766712673,208.43,3944,2,3,1.4024884003036993,2,10
255,1963,62,611205.6889207754,199.41,3065,3,1,1.4730215410750087,2,10
256,1999,26,359657.9955923103,230.55,1560,1,1,3.610453142239432,0,9
257,1977,48,605143.9591154716,214.06,2827,3,1,3.213677997739775,2,4
258,2002,23,881016.0047742793,224.75,3920,3,3,3.2854620411436466,2,10
259,1973,52,258111.6713724362,322.24,801,4,3,4.733479848602754,2,10
260,1971,54,1038652.4247755758,217.47,4776,5,2,3.9916018976328766,0,10
261,1979,46,219426.92448759967,198.4,1106,1,3,1.0757161603030243,0,9
262,2012,13,813296.8090259811,221.61,3670,3,3,2.0637818709133144,1,7
263,1953,72,211038.85316259583,176.01,1199,1,1,2.45927140779081,0,2
264,2008,17,395042.3550597105,241.03,1639,2,2,2.281827149364222,1,9
265,1957,68,203867.04292282808,295.46,690,4,3,3.5118887412284563,2,4
266,1961,64,619660.8346800937,221.31,2800,2,3,4.513518964654532,1,8
267,1980,45,304174.6641013576,205.52,1480,1,1,1.877231585852546,1,7
268,1983,42,731899.435616318,210.62,3475,1,1,2.983447113895336,2,7
269,1998,27,467628.527062253,277.69,1684,5,3,4.052342398611136,1,8
270,2006,19,827143.776401641,216.13,3827,3,2,2.372981264804072,0,1
271,1975,50,797034.4255040532,204.68,3894,3,2,1.2565315777968311,0,5
272,1967,58,126097.92716348889,201.11,627,2,1,2.637279343686867,0,2
273,1987,38,527544.910534171,205.67,2565,4,1,0.7485013433436281,0,2
274,1999,26,570289.0160760867,246.24,2316,3,3,4.740725543010246,1,1
275,1957,68,234389.76681767972,219.26,1069,5,1,0.8366954233773787,1,5
276,1990,35,534533.0200368982,223.19,2395,2,3,2.473055218627602,2,2
277,1955,70,660507.8198303543,204.3,3233,2,2,2.884465674898368,1,4
278,2018,7,1008539.156234348,231.16,4363,5,2,4.9338672452927845,1,3
279,1993,32,955158.90638745,211.6,4514,4,3,1.2470982063928735,1,3
280,2013,12,756373.8420634224,222.4,3401,5,1,1.0149418337556135,2,2
281,1978,47,441315.08847493527,201.88,2186,4,2,0.5391776617814461,0,6
282,1977,48,749610.4677553453,213.63,3509,5,1,1.2000714659118603,1,2
283,1960,65,158636.70310577296,242.56,654,5,2,1.4327284058045042,2,8
284,2014,11,699683.2484112402,230.39,3037,1,3,3.3376142371239155,2,8
285,1968,57,390430.2223774808,204.52,1909,2,3,1.4886805567613015,2,5
286,1958,67,935973.5562996916,205.39,4557,5,3,0.5923436662819634,0,10
287,1976,49,350816.184399563,273.22,1284,5,2,4.219782554761199,1,7
288,1983,42,779019.7305378267,211.98,3675,3,1,2.1451806545178504,2,4
289,1993,32,987630.2411262016,204.01,4841,2,1,2.0916350896133027,0,1
290,2017,8,733612.8163648158,221.9,3306,3,1,1.8611556312556696,2,2
291,1964,61,255907.13436003952,246.78,1037,2,2,4.889179747158894,2,10
292,2000,25,517655.1581174146,221.13,2341,3,2,1.2655193778917666,2,10
293,1962,63,684425.2003263966,231.62,2955,5,2,4.542071287789558,2,4
294,1998,27,323701.2441901499,316.11,1024,5,2,3.995614994629496,2,1
295,2019,6,724814.2264216079,210.09,3450,1,2,0.8441597997469088,0,8
296,2005,20,1015556.1485920788,219.3,4631,3,1,4.940280956753819,1,9
297,2000,25,993273.0796606252,215.23,4615,4,2,1.7211468359255475,1,4
298,1986,39,581948.159950993,202.91,2868,1,2,0.9436231716008556,1,10
299,1966,59,895675.5548211845,206.04,4347,3,1,4.231914053565918,1,3
300,2007,18,1092026.89678641,218.62,4995,3,2,3.6800399015496494,0,2
301,1978,47,662119.9410580613,206.85,3201,1,1,3.277484626450553,0,5
302,1982,43,341253.2207795087,231.99,1471,5,1,1.2019138866451993,0,3
303,2009,16,412045.7826588494,247.33,1666,3,3,2.653232523151829,2,10
304,2004,21,748220.493682927,228.53,3274,5,3,4.012502120992462,2,7
305,1959,66,507185.45440816105,204.35,2482,1,3,1.8663077216472808,2,6
306,1996,29,354054.70019158506,261.68,1353,5,3,1.9026042283176865,1,1
307,1972,53,915005.2948821838,196.94,4646,2,2,0.5141340772165495,2,8
308,1970,55,872676.434152397,206.01,4236,4,3,1.284095307404208,1,2
309,1962,63,934942.0571329228,219.01,4269,3,1,4.439325313048254,2,5
310,1982,43,269061.7820440072,250.52,1074,4,2,2.487859212369682,1,9
311,1973,52,867445.4184620865,230.64,3761,5,3,4.929055246554952,2,8
312,1960,65,342303.6892675472,207.71,1648,3,1,2.2806858360820668,2,2
313,1966,59,486872.0567091347,219.81,2215,5,2,3.7183390465110855,0,9
314,2017,8,935626.95292811,214.89,4354,2,2,1.768635693071281,2,5
315,1996,29,644601.105174152,215.51,2991,1,3,2.137143385134201,2,10
316,1974,51,645375.2217757016,204.23,3160,3,2,1.358266944159026,0,6
317,2022,3,786580.3015186453,217.05,3624,2,1,2.0617806582472773,1,3
318,1970,55,740281.2153448497,208.47,3551,2,2,2.962568841892894,0,3
319,1961,64,149743.4999535613,297.11,504,3,1,4.962977964406623,0,10
320,1986,39,348893.55395287194,253.56,1376,5,2,3.488907708823036,1,8
321,1991,34,346010.94983818056,232.07,1491,2,3,1.3966067948374132,2,10
322,1966,59,915441.1797542056,197.21,4642,4,1,0.7023264871619801,1,10
323,1997,28,988325.4879158876,203.19,4864,2,2,1.0686041659152976,2,2
324,1977,48,1075864.2810329462,216.69,4965,5,2,3.0314984057287133,2,2
325,1990,35,329218.5249164853,290.06,1135,5,2,3.943221479675449,1,5
326,1996,29,530004.3428420601,241.68,2193,4,1,4.731886432853361,0,6
327,1967,58,408013.5790622347,186.99,2182,2,1,0.5712042739856937,1,2
328,2020,5,224507.20014868543,362.69,619,5,1,2.852420637028414,2,5
329,1962,63,300656.0790681994,226.06,1330,3,3,2.6189031030042957,1,7
330,1962,63,848824.7742976189,203.31,4175,1,3,3.452247598890668,1,10
331,1980,45,396681.2860961783,212.24,1869,1,1,3.018104845094039,2,10
332,1951,74,262398.4460460842,211.61,1240,1,2,3.5916761776211623,0,8
333,1965,60,180393.6281134625,292.85,616,2,3,3.4613716313713567,1,7
334,1958,67,671803.9439013259,201.26,3338,4,1,1.026552761860758,2,8
335,2022,3,474045.8427124246,287.3,1650,5,2,4.098730611284238,2,9
336,1987,38,505877.59815497726,208.09,2431,3,3,1.054546590723462,1,5
337,2003,22,389645.3296127529,257.7,1512,3,2,3.643387813441117,0,5
338,2005,20,483350.32816846616,223.36,2164,2,2,2.3726541543827304,1,10
339,1994,31,358458.3807510001,226.73,1581,1,2,2.812328305594691,0,4
340,1983,42,264395.09178796335,261.26,1012,2,2,4.564841064690698,0,9
341,1958,67,749571.2916347987,223.82,3349,4,3,4.504476769130689,0,5
342,1957,68,263760.9441483153,249.07,1059,4,3,4.180353375447632,0,2
343,1956,69,894611.0786564201,214.43,4172,5,3,2.7956677120534548,1,10
344,1985,40,853001.1125510683,221.96,3843,5,1,3.813079145602249,2,8
345,1967,58,972537.496467423,212.81,4570,4,3,2.8080367498346424,2,7
346,1952,73,453359.87163545546,230.13,1970,4,2,4.413227371136498,2,8
347,1977,48,270230.63769827964,250.21,1080,4,3,2.3124912495480494,2,3
348,2019,6,673649.8960889375,241.11,2794,2,2,4.866059049866946,2,4
349,1993,32,827205.303959231,226.82,3647,4,1,4.695452412029949,2,5
350,1970,55,1007770.5792970628,212.21,4749,3,2,3.8372117875330343,1,6
351,1977,48,443005.62363881344,203.31,2179,1,2,1.757371478792324,0,1
352,2003,22,871566.5627396672,217.57,4006,4,2,1.0924411495696629,2,4
353,2003,22,726227.5690417645,223.87,3244,1,1,4.346165525419389,1,10
354,2014,11,824351.6710960343,213.78,3856,2,3,1.2438602876208258,2,5
355,1970,55,973850.3282632278,214.27,4545,1,3,4.34417355048801,2,7
356,1962,63,344363.2736819858,197.57,1743,2,1,2.708442530205622,0,5
357,2006,19,793421.1417884243,219.3,3618,3,2,2.329505527136469,0,1
358,1998,27,621862.7654183527,235.46,2641,2,3,4.564358504754931,0,7
359,2003,22,758946.7724048437,213.25,3559,2,1,3.2173294214312507,2,8
360,1959,66,759151.2379465501,219.47,3459,5,3,3.09476303208373,2,7
361,2002,23,630531.7401285437,228.04,2765,4,1,3.0144467508097894,2,4
362,1993,32,646766.2897519646,217.11,2979,4,2,2.1702628220878912,0,8
363,1996,29,533039.4327952061,249.67,2135,3,3,4.035393965881072,1,5
364,2002,23,496427.1035646905,219.95,2257,3,1,1.6375929980709785,2,10
365,1995,30,1099211.6405116057,221.97,4952,4,3,4.725027320185737,2,9
366,1962,63,605600.9507407207,235.64,2570,5,3,4.522933422711324,2,10
367,1986,39,738935.8194460399,220.64,3349,4,3,2.0186614655370416,1,5
368,1973,52,839522.318603536,223.81,3751,5,3,3.782586964242487,2,1
369,1951,74,874856.2710820399,206.82,4230,3,1,3.079504375023161,1,9
370,1963,62,609401.0845045892,203.88,2989,1,2,2.019421858996556,2,5
371,1959,66,457643.0980423783,214.76,2131,3,1,4.9483474159795104,1,6
372,1984,41,676108.8512096877,203.89,3316,3,1,0.6135680563171889,2,4
373,1974,51,300935.18607341987,198.64,1515,2,1,1.63690713779579,0,6
374,1952,73,381998.6086592969,206.71,1848,2,2,2.8403332750001766,0,8
375,1966,59,720883.657171062,200.97,3587,2,3,2.848788515653537,0,3
376,1961,64,722543.0796460027,216.4,3339,2,3,3.1501988372550387,0,5
377,2003,22,294548.40256048914,352.75,835,5,3,3.8825427741031366,2,2
378,1973,52,336073.5215992294,240.91,1395,4,2,3.3056502373368337,0,2
379,1978,47,863034.675749834,213.31,4046,1,3,3.2012665723761664,1,7
380,1992,33,319748.76677475666,236.68,1351,3,2,0.7408150831086948,0,10
381,1974,51,504023.26087166165,230.46,2187,5,3,2.1943862950518422,0,10
382,2009,16,538851.8933945443,221.66,2431,1,3,1.544250828655202,0,10
383,2014,11,934919.3827777772,220.19,4246,5,1,1.6941655022088895,2,6
384,1977,48,648902.5219843038,221.7,2927,5,2,2.994518634531552,0,4
385,1965,60,414808.6543176996,200.58,2068,3,1,1.397773917183238,1,5
386,1996,29,940080.4444014952,208.91,4500,4,1,1.8227709545760389,0,1
387,2007,18,676233.0768279255,208.84,3238,2,1,1.5668811883280305,0,7
388,1976,49,866618.3890237983,216.76,3998,4,2,4.768263244481877,0,8
389,2002,23,983106.2224146988,222.78,4413,3,2,4.750995794769929,1,9
390,1991,34,367024.37943296967,234.37,1566,3,3,3.244737013682233,0,8
391,2008,17,1075814.4318808403,220.45,4880,3,1,4.66035110929355,1,5
392,1996,29,660979.0474886918,224.52,2944,1,3,4.03615690460768,1,3
393,1983,42,978190.835072989,212.33,4607,4,1,3.15476547260814,0,10
394,1986,39,801313.0610758337,206.9,3873,4,2,0.5289584517355808,1,9
395,1955,70,992213.4530121648,222.02,4469,5,2,3.976323287357318,2,6
396,1956,69,676719.1220590248,222.17,3046,5,2,3.6611975371481096,0,5
397,1974,51,296184.19659571577,236.38,1253,5,1,3.268641439770863,0,3
398,1982,43,587557.3219128358,227.56,2582,3,2,3.9219094025711225,1,6
399,2004,21,724842.1846929234,221.39,3274,4,1,2.808149741486446,1,3
400,2007,18,762080.8235471162,224.41,3396,3,3,3.668374720946026,0,10
401,1956,69,955223.3951427988,203.89,4685,1,1,4.70827439026922,2,6
402,2006,19,354189.0054772034,277.8,1275,5,3,2.191122571307388,1,4
403,1961,64,454484.4215050965,213.88,2125,3,1,3.6865482570528143,1,2
404,1965,60,769087.1879559917,215.49,3569,3,3,2.6405951810493145,2,8
405,1992,33,251359.7986427481,274.11,917,1,2,3.534798433162917,2,4
406,1956,69,172534.44400203408,281.0,614,2,3,3.9330200099946384,0,9
407,2000,25,268244.1761186752,240.36,1116,4,2,0.7045362519610818,2,7
408,2022,3,985699.1860734548,220.32,4474,2,2,3.409701997768978,0,2
409,1981,44,824529.5721138918,218.88,3767,5,3,1.5203353298312503,2,4
410,1957,68,289985.41455097107,218.86,1325,3,1,3.5151464201340503,1,5
411,2021,4,450594.5679766036,223.51,2016,1,1,2.6074858367021605,0,3
412,1994,31,794010.0167336396,217.78,3646,1,1,3.980987338391993,0,9
413,2008,17,233504.5137836983,256.04,912,4,1,1.055303668425184,0,5
414,1953,72,269736.4362439106,219.66,1228,2,1,3.318450582452878,2,2
415,2016,9,841676.0140843305,218.73,3848,4,2,1.7531182801739855,1,3
416,1978,47,707483.440019593,213.87,3308,3,1,4.3384189789876615,0,9
417,1978,47,310471.3888855296,264.23,1175,4,2,4.677725775363384,0,7
418,1977,48,846516.6709494363,213.5,3965,1,2,4.983792321555749,0,2
419,1993,32,647388.2995956682,215.51,3004,1,2,4.082033310922775,0,9
420,1953,72,760678.6016673865,219.41,3467,5,3,3.891803316926021,1,4
421,1958,67,681361.2493428746,207.35,3286,5,3,1.4697534149039797,2,9
422,1954,71,325380.0022571336,200.6,1622,3,2,2.0120317654554896,1,2
423,2005,20,987442.6840517226,215.65,4579,2,3,2.595571437930258,0,10
424,1999,26,508941.1259280808,245.75,2071,4,1,3.980214715020124,1,4
425,1964,61,572941.4282388942,216.78,2643,3,1,4.617346392850859,0,5
426,1981,44,481489.24616078194,220.16,2187,5,2,1.3511259501034307,2,2
427,1977,48,997885.7696999718,215.43,4632,4,1,4.650653681015463,2,10
428,1971,54,944921.9815744858,217.17,4351,5,2,3.630310935593261,2,1
429,1966,59,842172.2092376931,213.75,3940,4,2,3.2484682880826736,0,7
430,2008,17,901471.7427249742,211.32,4266,2,1,1.3992857207687277,1,10
431,2020,5,632482.6223597979,223.81,2826,3,3,0.7498626476411775,2,1
432,2006,19,748136.4563894381,219.14,3414,4,1,3.058092043285729,0,8
433,1975,50,914555.7450033636,205.43,4452,1,1,3.431820574980016,0,3
434,1974,51,214492.39812518292,195.88,1095,1,2,1.4485165220960972,1,10
435,1959,66,287478.2675046062,234.1,1228,4,2,3.0040529262145537,2,6
436,1994,31,478566.0655908441,256.6,1865,4,2,4.354220312431581,0,7
437,1960,65,1068538.1056038716,214.05,4992,4,2,4.25779675454759,1,10
438,2002,23,334276.21781208954,279.03,1198,1,3,4.673098312638337,2,1
439,2021,4,235478.10213396215,263.1,895,1,3,2.146486143005962,1,6
440,2017,8,1028282.3118218936,220.14,4671,4,3,1.9312230764791345,1,7
441,1977,48,1060712.8283115798,218.25,4860,5,2,3.872417026913639,0,6
442,2014,11,690243.7506863925,229.93,3002,5,2,2.4400058229365227,0,4
443,1998,27,501720.6757217424,216.35,2319,2,2,0.8939689881250128,0,1
444,1996,29,314916.5292154408,258.76,1217,3,3,1.7726050880172488,1,9
445,2001,24,752791.6325948103,229.37,3282,5,2,2.383620284891701,0,4
446,2003,22,848697.2899849606,208.17,4077,1,1,1.816323914643134,1,7
447,2009,16,213397.79303700436,331.88,643,5,1,1.9949250692629472,1,7
448,2006,19,788471.7465500822,216.61,3640,2,2,1.8219915777847584,0,2
449,1996,29,1023975.1331555475,205.16,4991,2,1,0.6867462523238574,2,1
450,1980,45,738091.5512277477,214.69,3438,3,1,3.3669261537099917,2,8
451,1995,30,926531.8100085806,224.02,4136,5,3,3.187815891590612,2,8
452,1975,50,781388.9356850483,209.94,3722,1,2,3.4402257431540626,1,7
453,1954,71,302975.3037628076,181.75,1667,1,2,1.3653945321513237,1,8
454,2001,24,696224.0924052008,223.44,3116,4,3,1.830445437256184,1,3
455,2003,22,370689.5462510848,237.32,1562,1,1,3.2882716712521503,0,2
456,1982,43,559262.3223593918,210.57,2656,3,1,3.1983240580696464,1,7
457,1999,26,775422.1168993582,222.69,3482,3,2,2.778486392094205,0,8
458,1987,38,783176.6365627198,206.43,3794,1,1,2.0768596250458886,0,1
459,1976,49,392725.1966639868,237.15,1656,1,3,4.608189521486104,2,10
460,1964,61,297268.39963389,241.29,1232,4,3,2.028966090344797,2,9
461,2010,15,1027285.7703285776,212.69,4830,1,2,2.550286203967632,2,4
462,1970,55,367172.5872737959,252.7,1453,4,3,3.551512239293939,0,4
463,1995,30,697780.778011206,229.61,3039,4,3,2.9435964389004385,0,3
464,2018,7,802714.096172766,209.91,3824,1,2,2.0609868936397358,0,6
465,1955,70,783978.6474904561,206.26,3801,2,3,2.4604015570542943,1,1
466,1987,38,475471.1766686792,232.85,2042,2,3,4.075163680340777,0,6
467,2011,14,427302.04370052734,252.69,1691,4,3,1.751581199689756,2,2
468,2011,14,724420.5096752369,207.39,3493,1,1,1.1401485789956691,2,9
469,1995,30,690319.8868147184,217.01,3181,2,2,1.909234408233997,0,2
470,1962,63,383644.1777444591,223.44,1717,1,2,4.322903969695556,0,7
471,1952,73,379109.0941130737,185.84,2040,1,2,0.90045371685356,2,1
472,1955,70,758293.3788835382,202.97,3736,1,1,4.962632330176033,0,7
473,1957,68,619360.9693678387,214.61,2886,5,1,2.9345130451744814,2,5
474,1993,32,923122.114178692,218.8,4219,1,2,4.931805847851923,1,8
475,1982,43,477884.3169302657,253.12,1888,5,1,4.725483899386899,2,4
476,1999,26,558796.2539569193,237.18,2356,4,2,2.537661713949125,1,10
477,1960,65,366797.3447576696,196.67,1865,2,1,1.393209835724071,0,7
478,1977,48,226125.4126756759,226.35,999,2,3,1.241981494543123,0,6
479,2019,6,507967.8360673265,233.01,2180,2,3,1.5799521374148089,1,5
480,1990,35,246540.9659359964,244.1,1010,2,2,3.6955968825404177,0,4
481,1965,60,961367.1393329063,199.79,4812,2,1,1.7282749762916954,1,7
482,2017,8,427947.1030973768,234.62,1824,2,1,2.0364137132193423,0,5
483,1997,28,396277.33998439007,239.44,1655,2,3,2.5195046179757665,2,5
484,2005,20,585574.1096146859,251.64,2327,4,3,4.609547061896554,0,1
485,2013,12,763296.5725547657,209.64,3641,1,1,1.3522703804818077,2,2
486,2008,17,827741.1738157432,207.66,3986,3,1,0.5226194867441141,2,5
487,2011,14,523323.0670600654,226.55,2310,5,1,0.7704338467017657,1,3
488,1960,65,731262.2024937344,213.63,3423,3,1,4.5714485375605305,0,2
489,1967,58,574450.4841823126,211.66,2714,3,1,3.413824091795134,1,4
490,1968,57,923773.1293560604,197.13,4686,1,1,1.7286827869751304,0,4
491,2004,21,269665.8613983956,222.31,1213,1,2,1.29736625455036,2,4
492,1975,50,838955.4538986462,204.52,4102,1,1,1.8242003148670145,2,4
493,1955,70,915104.2350135812,197.48,4634,2,3,1.0165861726307606,0,3
494,1953,72,875981.0268954616,217.8,4022,4,2,4.736898096279985,0,7
495,1978,47,1017321.3952750646,213.36,4768,2,1,4.028927784643701,1,9
496,2008,17,435500.9447943791,249.86,1743,4,3,2.5807602961064333,0,5
497,1966,59,896600.4885198027,213.02,4209,4,2,4.392331723018408,0,4
498,1992,33,342679.45001245977,216.75,1581,3,3,1.6225619193195453,0,2
499,2015,10,267185.2676416052,279.78,955,3,1,3.727042558124871,1,2
500,1983,42,338350.5954344411,242.72,1394,4,1,4.352596245561846,0,5
501,1957,68,414166.584309186,219.83,1884,4,1,2.1054592023047265,2,7
502,1962,63,523387.09594019287,212.93,2458,2,1,3.9085900045282296,1,10
503,1957,68,720713.4288162608,201.77,3572,2,2,1.827825571689392,1,10
504,2014,11,551668.6465406333,221.02,2496,3,2,1.8448571086656385,2,9
505,1992,33,972746.6952602348,203.29,4785,1,3,0.9817573034938372,2,7
506,1988,37,269874.7159038473,268.8,1004,4,1,2.480261209292294,2,5
507,2008,17,431423.2948124018,251.71,1714,2,3,3.7837035792384,0,10
508,1993,32,501692.8515892058,247.02,2031,3,2,4.730993625070783,2,10
509,1958,67,804904.7205412153,204.29,3940,2,1,3.2170864636809324,0,10
510,1986,39,362719.62685852055,274.16,1323,4,1,4.384109919810825,1,6
511,1985,40,369407.96419171983,258.69,1428,4,2,4.201225921806022,1,3
512,1977,48,176494.35410241215,278.82,633,5,2,1.280043738388764,2,5
513,1991,34,557218.6456389157,213.9,2605,1,2,2.6861784301068417,0,8
514,1992,33,909713.435000704,220.43,4127,5,2,1.0261559098642616,2,1
515,1991,34,526951.7757612201,224.04,2352,3,2,3.569689227027357,2,1
516,2015,10,1033450.4577544982,221.06,4675,2,1,4.774548507107342,0,7
517,2004,21,739205.5159327254,215.32,3433,3,2,1.1169025613544044,2,5
518,2021,4,870504.8285910133,230.05,3784,4,1,3.802474088611436,1,5
519,1997,28,1045202.3496436334,217.84,4798,5,1,3.3450716789053745,2,1
520,1971,54,722603.6896894623,218.24,3311,5,2,3.126222666536449,0,9
521,1976,49,409947.2216361178,234.26,1750,5,2,2.255541056097526,0,1
522,2016,9,901000.4882338208,224.58,4012,3,1,2.0980924148921565,1,5
523,1962,63,364834.6821527956,207.76,1756,4,2,0.7036213505849953,0,10
524,1994,31,795928.1818267058,205.35,3876,2,2,1.4805891871340606,0,9
525,1959,66,778486.8427341338,195.31,3986,2,2,0.5682959702907211,1,4
526,1958,67,858011.5135429478,210.09,4084,3,3,3.1163769751190924,2,8
527,2003,22,418888.6616954587,220.93,1896,5,1,0.97633956145059,1,6
528,1976,49,887527.9071799915,214.53,4137,1,3,4.428587273133722,2,3
529,1983,42,827140.4447152761,215.96,3830,3,2,2.8541435931372434,1,4
530,1950,75,673586.747670695,210.3,3203,3,3,3.648604590764188,2,2
531,1981,44,258717.68020973945,266.72,970,4,2,2.3488569132822343,1,1
532,2020,5,471816.8853184141,254.62,1853,2,3,3.022609140504719,2,8
533,2016,9,764387.1612255372,232.83,3283,3,2,4.741966296349837,1,1
534,1969,56,687869.2513012193,206.51,3331,3,3,0.8723031783065185,2,1
535,1984,41,252024.0176812598,294.08,857,5,3,1.6427199736566327,1,4
536,1966,59,788284.6902015205,224.01,3519,5,3,4.009947471097449,0,10
537,1967,58,219652.59801356145,188.22,1167,1,1,0.9443174309719964,2,10
538,1994,31,1043830.2913439176,210.11,4968,4,3,0.8404749675684988,1,6
539,2002,23,368670.1351204142,224.12,1645,1,1,2.1269362943931736,2,9
540,2017,8,1015603.7016174662,216.78,4685,5,2,0.9147558131259454,2,1
541,2014,11,909745.2997917284,215.63,4219,2,3,3.132852989927914,1,7
542,1950,75,695195.3585354679,214.24,3245,5,2,1.5182386286746992,2,10
543,2007,18,322312.8625079516,310.21,1039,4,2,4.530640834397175,1,5
544,1975,50,746167.7281082802,227.56,3279,5,3,4.025750363803655,0,8
545,1969,56,985351.0239129456,212.54,4636,4,1,3.6486734274476422,2,7
546,1959,66,896792.553841208,209.78,4275,4,3,3.2762481232302587,0,4
547,2008,17,716524.6919885611,238.21,3008,4,2,4.3855957865365855,2,4
548,1990,35,695362.741532193,212.07,3279,4,2,1.503779276942406,2,6
549,1954,71,379005.7118671184,266.16,1424,4,3,4.428989792439024,2,6
550,2014,11,763645.6101593996,220.96,3456,2,1,4.052715342908236,1,9
551,1966,59,424881.192942697,204.17,2081,1,1,3.866723718744585,0,5
552,1971,54,809782.1662261934,211.76,3824,3,2,3.0256505513371583,2,8
553,1990,35,1032002.2381140392,207.02,4985,1,2,1.6080987243677003,1,5
554,2017,8,239234.57432207957,316.87,755,4,1,2.4059656219635333,2,2
555,2018,7,560304.6612210645,239.65,2338,2,3,4.071067945424607,1,6
556,1960,65,523988.4313016928,214.4,2444,5,2,0.64300317960796,2,9
557,2005,20,179398.43319315853,352.45,509,2,1,4.019228461686913,0,3
558,2000,25,736289.1245550752,218.42,3371,4,2,1.5803183321940493,0,1
559,1970,55,284798.2134604166,219.58,1297,2,3,1.1493914032472137,2,1
560,1975,50,327253.4579829949,216.01,1515,2,1,1.0206559318113595,1,3
561,1968,57,506990.3247570412,218.15,2324,4,2,0.622625053778668,2,10
562,2009,16,1064774.9343224152,214.28,4969,2,3,2.856139183496538,1,5
563,2020,5,818671.3913349382,225.16,3636,3,2,1.482169427121783,2,3
564,1996,29,648718.3260877142,240.89,2693,3,3,4.952442946008342,1,9
565,2020,5,236865.43918275135,327.61,723,2,3,3.084965401424926,0,8
566,1975,50,951484.5473650974,204.27,4658,5,1,1.1204837121020468,2,3
567,1989,36,967287.6138508852,218.6,4425,4,3,3.599431433651144,0,9
568,1954,71,936969.4548360409,208.22,4500,3,2,4.539846049293764,0,6
569,1970,55,523680.204086382,245.51,2133,5,3,3.853307729163265,2,7
570,1953,72,537770.4956241908,202.78,2652,2,3,0.8439793746775145,2,4
571,1972,53,261227.3187203414,258.64,1010,5,1,4.531478815366968,1,4
572,1964,61,217669.8849055049,246.23,884,1,3,4.072682236369841,1,2
573,1957,68,198204.1283050715,219.25,904,3,3,1.2123675504752645,0,5
574,1990,35,517128.7578663306,206.85,2500,2,2,0.7330364992976759,1,8
575,1968,57,701609.1002837394,215.48,3256,4,1,3.007897588914388,1,7
576,1995,30,465144.0719417193,214.55,2168,2,1,1.202161151029896,2,7
577,1977,48,466251.4916197072,237.88,1960,4,1,4.255659286678725,1,6
578,2017,8,894174.439544655,216.19,4136,2,3,2.112505955022532,0,3
579,1964,61,705754.4319783618,218.91,3224,5,1,4.608016001314589,1,5
580,1986,39,1007068.6501452676,215.28,4678,5,3,3.045596774634526,0,1
581,1950,75,547523.9110807307,214.88,2548,5,3,1.322025729078507,2,7
582,2016,9,965317.5061019752,207.77,4646,1,2,1.1281949031191003,0,9
583,1973,52,299226.76708907617,246.07,1216,4,2,3.094125969009893,1,1
584,1976,49,548288.2433774915,236.03,2323,5,2,3.928476253380998,2,2
585,1989,36,570399.7427677898,221.0,2581,1,2,4.016775414839819,1,3
586,2012,13,875382.7427446679,223.37,3919,4,2,1.7409083199857658,2,3
587,2010,15,473734.215407891,228.42,2074,2,3,1.4191104151047536,2,8
588,1985,40,146020.40342022013,194.95,749,1,3,0.5754033702157209,1,7
589,1973,52,288382.46046148066,245.85,1173,3,1,3.556396180405262,1,6
590,1973,52,537619.5908056167,201.73,2665,1,3,0.8445571629509254,2,10
591,1953,72,264215.33977452776,208.04,1270,1,3,2.3934254079466664,2,10
592,2016,9,1010589.32913523,226.49,4462,4,2,3.2075697380823325,1,4
593,1983,42,1047149.2482085732,215.33,4863,2,3,4.7169902521385465,0,9
594,2006,19,562238.4809757017,226.34,2484,3,2,1.9031096163009589,1,1
595,1998,27,370970.3860521568,235.24,1577,5,1,1.623974731009339,2,2
596,2002,23,238459.1158908021,324.43,735,5,1,3.443720694287443,1,4
597,1972,53,215993.8951157028,243.24,888,1,3,3.2865756442411174,0,3
598,2018,7,769763.673034886,217.63,3537,4,1,1.9944940248865608,1,1
599,2002,23,594755.3248280677,253.3,2348,4,3,4.676458259794039,2,5
600,2011,14,779336.1178319983,235.16,3314,5,1,4.301880473703347,1,7
601,1990,35,820831.6964017673,211.88,3874,3,2,1.5079214563928651,2,2
602,2006,19,818613.7108034128,216.68,3778,2,2,1.5761414544553545,2,5
603,2009,16,432824.65856336313,247.05,1752,3,2,2.8053515609918627,1,6
604,2003,22,996696.835850388,222.43,4481,2,2,3.9810744577882415,2,7
605,2019,6,604936.830452781,230.72,2622,5,3,0.6981817072480898,2,1
606,2006,19,596659.3685492761,225.15,2650,2,1,3.62000819180618,0,7
607,1959,66,417900.59093719104,228.49,1829,4,3,3.4170615382194365,0,4
608,1989,36,376032.361536576,202.39,1858,1,2,1.541660431608447,0,8
609,1956,69,626454.2784147046,210.08,2982,1,3,3.5660885595860696,0,4
610,1987,38,629609.0984680437,250.14,2517,5,1,4.730824360634371,2,6
611,2010,15,432687.983790756,236.31,1831,4,3,0.7105363023729583,1,9
612,1952,73,979926.724614952,202.3,4844,3,1,1.9384342488142812,2,5
613,2000,25,1041122.1131331322,218.68,4761,4,3,2.4717952249985986,2,4
614,1996,29,433664.2275283448,233.4,1858,1,1,4.546671615161103,2,8
615,2017,8,806645.0448680979,219.38,3677,1,1,4.8301765097412055,1,9
616,1987,38,576020.0443075488,219.19,2628,4,2,2.4985186092334954,0,4
617,1985,40,600207.3340100806,223.96,2680,4,1,3.87512785463986,2,3
618,1990,35,190828.13988469375,299.57,637,1,2,2.8924746069401737,2,8
619,2018,7,878049.2511558104,221.06,3972,3,2,2.9200232063361944,0,5
620,1962,63,704212.5239765074,211.35,3332,5,2,1.751447817798604,2,2
621,2007,18,909836.08484369,223.05,4079,5,3,1.476303106387458,1,10
622,1999,26,771922.849821314,218.61,3531,4,3,1.796024056658185,2,9
623,1979,46,1010183.5001098072,216.59,4664,5,3,3.003476032656857,2,3
624,2011,14,650748.6977489772,210.39,3093,1,3,0.6311983370994005,0,2
625,1974,51,1018026.9936582922,212.09,4800,1,1,4.582620249603826,2,1
626,1976,49,897666.0008462978,207.89,4318,4,1,1.203276692973993,2,8
627,2000,25,998439.2371139774,215.27,4638,4,3,1.4903990459212395,1,3
628,2006,19,938864.8192625764,217.18,4323,4,1,2.8322427940144084,0,7
629,1996,29,978835.1052830342,215.51,4542,3,1,3.6955164485177567,0,1
630,1988,37,533178.2402465394,221.6,2406,5,2,0.930780746349788,1,1
631,1965,60,278644.6693366641,221.15,1260,4,2,1.9296261389622296,2,9
632,1971,54,846346.3280926006,214.54,3945,2,2,4.859035725084607,0,8
633,2003,22,310271.2636685363,221.78,1399,2,2,1.6805433505142555,0,3
634,1970,55,995441.7102207708,200.9,4955,1,1,1.908725652784161,2,6
635,2021,4,830557.1687018349,240.95,3447,5,3,4.264243207781151,2,3
636,1965,60,470083.2903669343,211.84,2219,4,1,0.7259649426070487,0,4
637,2008,17,217462.4450570884,278.8,780,2,1,2.590759259640369,2,1
638,1980,45,787281.7359378719,209.05,3766,5,1,2.208275440032516,0,5
639,1991,34,508927.8041870647,213.21,2387,1,2,1.9246404195889304,2,1
640,1981,44,799178.3100544005,212.21,3766,3,2,1.7856481732014404,2,1
641,2008,17,319601.3915396029,274.1,1166,5,2,0.9111834718718416,1,10
642,1983,42,1004456.2194818492,214.26,4688,5,3,1.91671623208242,2,7
643,1958,67,206781.75744307123,176.59,1171,3,1,0.6937358122205086,1,6
644,1960,65,583183.4309103092,236.2,2469,5,3,4.014337386399959,2,2
645,1959,66,913774.3890331694,196.26,4656,1,2,2.2920250728110525,0,2
646,1966,59,734501.9542665192,202.79,3622,1,3,2.497567245439602,0,7
647,2017,8,987241.429730274,224.37,4400,3,1,4.521175639025592,2,1
648,1997,28,287822.3768776313,281.35,1023,4,1,3.4612474273754934,2,2
649,2001,24,607535.6340463364,210.0,2893,2,2,0.536265965039539,0,8
650,1974,51,804727.9577270229,222.48,3617,4,2,4.744286703325782,2,6
651,1970,55,665369.9589318279,215.12,3093,5,3,1.5671500968997003,1,2
652,2014,11,540221.2539417966,218.89,2468,2,2,0.9842638314193648,1,7
653,2012,13,551444.6316158974,244.76,2253,3,2,3.95657680271397,1,4
654,2000,25,621460.4905680827,222.27,2796,3,1,2.752147921400232,1,2
655,1985,40,596339.5709584419,215.99,2761,2,2,2.451967547081079,1,6
656,2015,10,617979.8529750025,221.82,2786,1,2,1.622763858572338,2,9
657,1964,61,967780.6667222162,205.82,4702,2,1,2.963621704380434,2,9
658,1988,37,734156.8160862669,217.33,3378,5,1,1.7347307234116436,1,8
659,2019,6,1021134.6211894122,219.93,4643,1,3,4.557123523791804,2,3
660,1950,75,834328.5793736472,201.33,4144,3,2,1.4684201587993675,2,3
661,1972,53,1040389.0481357794,210.95,4932,2,1,4.479598177050891,1,2
662,1988,37,602549.2781823011,235.83,2555,4,3,3.0173244157731065,2,5
663,2006,19,468699.4412955908,263.91,1776,4,3,4.228196602528584,2,4
664,1983,42,738226.711971728,226.03,3266,5,2,3.7078069813742975,2,7
665,1990,35,237185.9132691445,295.74,802,4,2,3.6351280014653686,1,4
666,2022,3,315357.48101832974,277.12,1138,2,3,1.9595561346277508,2,9
667,1962,63,111626.85342361582,201.13,555,2,1,1.5525361916249156,0,2
668,2019,6,282660.2192955372,275.77,1025,4,3,1.4489880245635467,0,6
669,1955,70,972040.0599877926,210.26,4623,2,2,4.357362456768149,1,7
670,2001,24,625113.6084591298,238.14,2625,5,1,4.19192069116559,0,4
671,1952,73,745395.8553692064,196.83,3787,1,1,2.482580876055383,1,6
672,2012,13,250123.469112831,289.49,864,5,3,1.0958207607340458,0,7
673,1998,27,510968.1406545,238.1,2146,5,2,2.2201351338985624,0,4
674,1996,29,353161.46132211224,249.06,1418,2,3,3.287045543616101,0,8
675,2004,21,740330.4672038732,224.55,3297,1,3,2.544814195159788,1,9
676,2013,12,496840.5291926289,244.63,2031,2,3,4.010851708173478,1,1
677,2014,11,888020.5575222683,230.95,3845,3,1,4.989302700131234,2,7
678,2016,9,522309.4058721854,217.09,2406,2,1,1.3600943980200355,1,9
679,1964,61,724033.5604571347,201.91,3586,2,2,2.568428688468076,0,10
680,1981,44,545482.7420093057,211.84,2575,2,2,2.439427558643699,0,5
681,2017,8,305026.7707546245,251.46,1213,1,3,1.8702163973702788,1,2
682,1967,58,355453.1829292205,227.56,1562,2,3,1.391429825241303,1,10
683,1992,33,513292.75970622,207.31,2476,1,3,0.7956145242034665,1,6
684,1984,41,442278.7666177528,246.26,1796,4,2,4.492036927506643,2,7
685,2007,18,185569.89426877032,296.91,625,3,1,2.389319139588429,0,2
686,1982,43,826494.0471232897,201.78,4096,1,1,2.73602983325022,2,2
687,1963,62,839074.0204275192,221.8,3783,4,3,4.626239216904121,2,10
688,1983,42,474659.86005527806,225.71,2103,1,3,3.993307148821765,0,10
689,2010,15,158454.83915736206,279.96,566,1,3,1.087255688527329,0,1
690,1953,72,190802.0703078011,260.66,732,3,3,3.044389854234841,1,4
691,2008,17,619516.332475993,233.25,2656,5,2,2.490135244338016,1,7
692,1978,47,416605.60725276713,249.61,1669,5,1,4.087449826604432,2,9
693,1955,70,551324.4886576998,207.42,2658,1,3,3.759046464253772,1,3
694,1998,27,1000021.7606809204,212.5,4706,2,2,3.606825748599824,1,7
695,1989,36,462185.7241886994,231.9,1993,4,3,2.032451759659536,0,7
696,2014,11,985499.1963159838,218.66,4507,2,3,4.122336786796645,0,7
697,2018,7,629290.1434469345,211.74,2972,2,1,0.7357608301768754,1,2
698,1976,49,627322.941247679,198.52,3160,1,3,1.2183120564447525,0,6
699,1955,70,638451.4027889116,197.11,3239,1,1,2.0103047284006026,1,2
700,1962,63,439898.8032648414,194.56,2261,1,1,0.8456334848117657,0,6
701,2013,12,821146.2339055584,204.57,4014,1,1,1.5574742489061122,0,10
702,2011,14,594005.0065233838,240.0,2475,5,2,4.235679423490632,0,3
703,1968,57,613658.1099473296,214.42,2862,1,2,4.767131920055357,0,2
704,1992,33,335417.6369743354,243.76,1376,5,1,1.8707106009838568,1,6
705,1969,56,919941.4098368196,213.34,4312,5,3,1.690321117949772,2,2
706,2017,8,823529.5488742903,208.59,3948,1,1,1.759516935108921,0,5
707,1993,32,415639.6454079276,229.38,1812,3,3,1.7497358930787972,1,2
708,1972,53,407600.3914029592,207.96,1960,4,1,0.6616858198368785,1,3
709,1951,74,694271.1623037981,216.35,3209,2,3,4.671123558489986,0,3
710,1971,54,591174.1368528144,209.34,2824,5,2,1.4616416370664778,2,6
711,2006,19,525760.8806101802,235.45,2233,4,3,2.3900183333663225,0,6
712,2021,4,472291.952524426,224.37,2105,3,1,0.5435909723343548,1,10
713,1956,69,647832.2075906589,211.5,3063,2,2,4.360797909117757,2,3
714,2005,20,889364.8170683798,226.82,3921,2,3,3.790208050047128,1,3
715,2016,9,935451.9335719376,232.87,4017,5,3,4.760402158281664,0,1
716,1965,60,625246.1179756841,215.83,2897,1,3,4.017269656383796,2,7
717,2000,25,917235.4105319374,216.58,4235,3,3,1.9116793042342937,1,8
718,2021,4,769318.6038261497,228.28,3370,5,3,1.6154301142779064,1,2
719,1961,64,357130.1202818031,215.14,1660,3,2,3.639723383989818,1,4
720,2002,23,181191.0670440434,244.19,742,1,2,2.138507487547248,0,10
721,1954,71,641013.919122572,207.45,3090,1,2,3.0479675708867746,2,7
722,1976,49,336153.4280264353,215.07,1563,5,2,0.528158619619116,0,8
723,1961,64,924012.9418488424,191.54,4824,1,1,0.7784856575621386,0,1
724,1966,59,670894.0581247887,216.77,3095,4,2,2.90915573531743,0,4
725,1955,70,312202.08717502066,220.02,1419,2,3,3.047322409016743,2,6
726,1954,71,159121.4656145035,315.09,505,5,3,3.881538250067046,0,3
727,2006,19,240302.2199712505,248.5,967,3,2,1.0938439383078278,0,5
728,1977,48,1001847.3602497705,214.53,4670,4,3,2.8093238769055047,0,10
729,2018,7,206042.3513164644,409.63,503,5,2,1.3750143999425988,0,9
730,2008,17,275063.0991470561,240.23,1145,1,3,0.919382538032126,1,3
731,1982,43,147206.86576297088,238.58,617,1,1,2.3472310732724955,0,5
732,2011,14,710065.5617561329,207.14,3428,1,1,1.2350149164007576,1,8
733,1999,26,624411.6024682868,204.66,3051,1,2,1.4980189018654335,0,6
734,1968,57,988358.2476373828,206.38,4789,3,2,1.9289956094127576,2,4
735,2018,7,351280.4162027617,260.98,1346,4,2,1.6672478033443832,1,8
736,2015,10,696027.2851612554,213.37,3262,2,3,0.8941608383267587,1,3
737,1996,29,364016.40122898977,221.83,1641,3,2,0.9046231018686604,1,3
738,1988,37,494537.5115454976,214.09,2310,3,1,1.3696223685537567,1,4
739,2017,8,307116.6791374497,251.12,1223,2,3,0.7275163458179252,2,9
740,1982,43,194628.72736203528,268.82,724,2,2,3.319056588546172,0,5
741,1962,63,949404.2006657254,201.66,4708,1,3,1.792970224290059,1,8
742,2003,22,574912.7662317117,225.63,2548,3,3,1.7588568549608197,2,6
743,1956,69,1011770.8785945608,205.85,4915,5,2,1.9939923240699435,1,3
744,1963,62,438849.2345292175,211.7,2073,2,3,3.4825832339437475,0,8
745,1968,57,527715.5373919866,226.68,2328,2,1,4.417852466675708,1,9
746,2003,22,580272.8715936985,240.08,2417,4,1,3.9158911965003727,2,8
747,1969,56,1021159.6924822456,215.71,4734,5,3,3.773881536012927,0,4
748,1978,47,567108.4842135326,224.51,2526,5,2,2.679760335203821,2,6
749,1973,52,926488.454118578,218.31,4244,2,3,3.622125006353353,0,1
750,2012,13,321278.1795200379,229.32,1401,1,1,2.9874306561511244,0,4
751,2006,19,572608.4313965299,225.53,2539,4,3,1.47312737683938,0,8
752,1957,68,140538.08318538152,276.11,509,5,3,1.4386476548347282,1,1
753,2011,14,211508.5901215244,278.3,760,2,1,1.8337640309387755,2,3
754,1978,47,552158.5008426193,254.1,2173,5,3,4.598612019364159,2,1
755,1966,59,623326.5868033242,229.25,2719,4,3,2.9633667817087663,2,9
756,2015,10,622100.1895022333,243.01,2560,4,2,3.802574196508413,0,2
757,1955,70,845932.4082879503,200.79,4213,3,2,2.059514419174464,1,9
758,2007,18,468251.3632686849,220.98,2119,2,1,2.3347209679935137,0,4
759,2018,7,236054.0002831533,287.87,820,4,1,1.0650451038676312,2,2
760,1977,48,405144.670068021,219.95,1842,3,1,1.2708273101975167,1,4
761,2011,14,663568.5126665218,230.73,2876,3,2,4.223104496717655,1,10
762,1990,35,755402.3726912518,226.71,3332,5,1,3.1317738425999693,1,6
763,2018,7,759882.5851426219,228.6,3324,5,1,2.018896096477185,2,7
764,1990,35,578870.7619594942,232.11,2494,3,1,4.112830440479957,1,3
765,1998,27,760720.1464642045,219.99,3458,5,2,1.6093395753709234,1,3
766,1998,27,611557.8808542505,240.96,2538,4,3,4.892147143700917,0,10
767,2020,5,851283.9163168798,213.35,3990,1,1,2.051679234857764,0,8
768,1952,73,870212.7996762642,208.33,4177,4,3,2.017899293680524,1,5
769,1959,66,340874.6232811248,210.68,1618,3,1,1.9036035749151736,1,4
770,1984,41,451409.4809711031,214.55,2104,3,3,1.0495018216592955,0,7
771,1951,74,898403.5372117123,198.45,4527,4,2,1.000117162994056,0,7
772,1973,52,198659.21988081493,270.28,735,5,2,3.416472655403555,0,9
773,1987,38,600564.2006890622,243.24,2469,5,1,4.438031200511212,2,9
774,1971,54,1062899.029267778,215.64,4929,3,3,4.057342296222531,2,5
775,1975,50,476966.9362678016,198.08,2408,2,2,1.13498417309608,0,8
776,1992,33,245941.05648799823,281.08,875,5,1,2.955119548064299,1,10
777,2004,21,844959.8412339088,209.67,4030,4,1,0.97516195689488,0,1
778,1988,37,663727.5441240586,211.72,3135,5,2,0.7038258962588485,2,9
779,1978,47,473629.2215424205,228.81,2070,4,2,3.4537363672314525,1,8
780,1969,56,638284.4789553601,208.59,3060,3,1,2.9081855015615763,2,6
781,1990,35,833111.8086328949,214.11,3891,5,3,0.8691065834516188,1,3
782,2003,22,749471.4241491086,216.3,3465,4,3,0.657226608826948,2,3
783,1969,56,891638.5086964626,215.22,4143,3,3,4.953903860342006,1,8
784,1968,57,877752.3422257571,201.78,4350,2,1,0.6350959946708234,1,5
785,2015,10,377431.0643911781,275.1,1372,4,2,2.5003771387257183,1,10
786,1979,46,373171.5899458196,213.0,1752,2,1,2.77078561073463,1,7
787,2002,23,405940.62394306617,223.78,1814,2,2,1.0277606651020026,2,5
788,1983,42,706686.3209428937,207.97,3398,1,3,1.2607780029787232,2,8
789,1971,54,185557.6964804336,321.59,577,5,3,2.0831225288465864,1,10
790,2016,9,728927.0713778214,233.56,3121,4,2,3.927541442961482,1,10
791,1955,70,976049.1314638924,206.48,4727,2,2,2.7818709082712,2,4
792,1976,49,241079.3234902556,219.16,1100,1,1,3.370558435488327,1,2
793,1959,66,368640.6584269345,235.55,1565,3,3,4.933285497908036,1,3
794,2022,3,645781.7324767867,244.99,2636,4,1,3.956024458909444,1,8
795,1997,28,641526.9853657566,217.54,2949,2,1,2.4546267416354794,0,7
796,2019,6,691113.9194565738,243.09,2843,5,1,2.508988648084469,1,2
797,2008,17,528869.8625493657,223.81,2363,1,3,3.2844743466845223,0,6
798,2008,17,441001.3484190839,242.57,1818,2,1,3.4941434378850698,1,9
799,1951,74,852599.97505604,208.1,4097,5,1,2.753199166265021,2,4
800,1978,47,894261.7196452515,209.82,4262,2,1,3.401875502667409,0,9
801,2017,8,574383.5478606392,213.53,2690,4,1,0.6058962248634445,0,2
802,2014,11,366271.8455560513,245.49,1492,4,1,2.4333028875357985,1,2
803,1975,50,665969.5719032948,207.34,3212,4,1,1.7552213423306453,1,9
804,1959,66,525408.9155105908,195.17,2692,1,3,1.0812850035939967,0,7
805,2002,23,394408.5769492088,225.63,1748,4,1,0.947959307639488,2,7
806,2008,17,826606.0146181242,232.58,3554,5,2,3.214364745266004,2,1
807,1971,54,940711.9831153804,207.53,4533,2,1,2.856202462186753,1,6
808,2000,25,555012.7033097085,222.27,2497,3,1,1.6411285264836613,2,7
809,1997,28,950877.0053637534,227.1,4187,5,3,2.619275264476315,2,6
810,1970,55,601083.947569366,226.74,2651,5,3,2.715045418320837,1,6
811,1971,54,926094.1390762049,204.98,4518,4,2,1.377540411973771,2,2
812,1979,46,774150.0468123948,214.45,3610,1,2,3.434418778467428,1,6
813,1974,51,543160.4942000011,219.9,2470,2,3,4.014137103737407,0,4
814,1977,48,202427.97400689824,290.43,697,1,3,4.061585934002835,1,9
815,2014,11,708104.0557380343,226.52,3126,2,1,3.211114238165548,0,1
816,1994,31,402002.4844273374,236.19,1702,2,3,2.8023736213355632,0,8
817,2017,8,533656.3940212176,210.52,2535,1,2,0.774532143524277,2,5
818,1956,69,214146.49100738543,219.19,977,5,1,1.7952408448322263,2,1
819,1998,27,398823.2673263778,227.38,1754,2,2,0.9197215105017644,2,4
820,1958,67,313266.83650286886,220.3,1422,1,1,4.837204223953131,1,1
821,1985,40,217213.6452196605,236.36,919,2,3,1.1078606580159231,2,6
822,1950,75,539133.0843265855,199.38,2704,3,2,1.1829893443299593,0,2
823,1959,66,697909.6503581115,225.35,3097,5,1,4.503094782487215,2,5
824,1985,40,418003.15725851554,258.03,1620,4,1,4.74767727564406,2,7
825,2022,3,818706.7764361517,229.46,3568,2,3,3.9462306765570943,1,2
826,1995,30,325738.14789058163,224.65,1450,3,3,0.5243221565270144,1,6
827,1981,44,605369.8615424815,213.46,2836,4,3,0.5060582193045366,0,6
828,1981,44,606157.4972713309,220.98,2743,4,2,2.2014534640435284,1,5
829,1955,70,613606.1874695573,195.11,3145,2,1,1.1452791650490164,2,5
830,1997,28,503962.1877251642,213.82,2357,1,3,0.5827376396821877,1,3
831,1987,38,510534.1603835063,215.87,2365,2,2,2.588300102320271,0,10
832,1966,59,744040.0563316267,218.07,3412,3,2,4.743778538331372,2,10
833,1976,49,701368.1143168806,209.18,3353,4,2,1.9571880870609413,0,2
834,2003,22,816939.5874308393,219.14,3728,2,3,3.4751330529291344,1,7
835,1999,26,907601.7861704028,215.12,4219,1,3,3.435059089095984,1,1
836,1984,41,771385.1497807608,206.92,3728,2,1,1.629860466493255,0,6
837,1974,51,636552.7524853058,221.72,2871,5,1,3.4269136197073893,2,6
838,1977,48,694917.3008745462,204.93,3391,1,3,1.4555028842910107,1,3
839,1964,61,852368.6069601658,200.27,4256,3,2,1.0490333610960008,1,2
840,1953,72,993240.2813625648,210.21,4725,4,2,3.6562247850186056,2,2
841,2022,3,158856.84303466187,267.44,594,2,2,1.0104836769676253,1,9
842,1976,49,678385.989963216,213.73,3174,1,1,4.986091483652099,0,5
843,1975,50,531945.983279591,216.68,2455,5,2,1.325535805176032,1,7
844,1968,57,279607.45517641783,216.25,1293,1,1,3.173638382404059,1,5
845,1966,59,515300.5927029035,220.78,2334,5,1,2.3511855713566523,2,7
846,1992,33,542247.1622628621,207.28,2616,3,2,1.068738900825502,0,4
847,1990,35,974421.4462019108,211.55,4606,4,2,0.6252975840983603,2,8
848,1991,34,843637.4594569862,220.56,3825,3,3,3.30229527031775,1,10
849,1999,26,772740.0707275409,226.01,3419,2,3,4.130409037051067,1,10
850,1989,36,685644.2336178538,221.39,3097,1,2,4.289070476780348,2,7
851,1988,37,808905.5849604708,218.33,3705,5,1,2.672210628846205,2,10
852,1972,53,341956.2674322983,260.24,1314,5,1,3.998549602320735,2,5
853,2001,24,222673.0658697626,263.52,845,1,1,3.5278121006984517,0,6
854,1996,29,604718.223692736,212.26,2849,1,1,3.7591453737461,1,5
855,2012,13,234762.8244790115,272.35,862,2,1,2.716695523498164,2,7
856,2018,7,690305.8227623077,234.56,2943,3,3,3.350352831089572,1,2
857,1992,33,652434.7052233267,235.96,2765,5,2,4.124866611092257,0,5
858,1997,28,601890.2919093702,223.92,2688,2,3,2.2904787900066035,0,10
859,1983,42,753186.167662594,214.89,3505,3,1,4.126905053904126,0,3
860,1989,36,792681.5184200833,209.65,3781,2,1,3.1640757925507828,0,9
861,2010,15,360372.9780385626,242.84,1484,5,1,1.246554609668538,1,6
862,1999,26,422950.9047116141,197.73,2139,1,1,0.6110787075106308,0,10
863,2016,9,312914.00307582016,235.81,1327,1,2,2.1323912017961844,0,3
864,2011,14,734110.0243598827,227.28,3230,3,1,2.960133477333529,2,7
865,2007,18,899849.5188200921,223.23,4031,4,2,4.279191584915697,0,4
866,1982,43,1017583.4273609958,205.53,4951,3,1,1.073685560631108,2,3
867,1965,60,729494.9061684583,212.37,3435,4,2,4.100928564576106,0,8
868,1997,28,953339.7306451156,217.86,4376,2,3,4.383540707302521,0,4
869,1959,66,113576.5123703764,181.43,626,2,1,1.178093691503752,2,1
870,1987,38,847131.2132821754,230.39,3677,5,2,4.332174436868986,0,6
871,1968,57,796875.0927818617,224.09,3556,4,3,4.961541055292564,1,10
872,1985,40,280149.1863612468,253.99,1103,5,1,3.770774739717069,1,1
873,2008,17,833283.0644545743,211.01,3949,1,1,4.0314635682124464,0,5
874,2012,13,1046163.3264236908,225.18,4646,4,1,4.974868704014931,1,7
875,1995,30,889107.6929684004,220.46,4033,3,2,3.224665627366754,2,6
876,1952,73,760436.8893623694,196.65,3867,1,2,1.8854887190731224,0,2
877,2014,11,864309.0323581436,223.45,3868,1,3,4.26888875334225,0,4
878,1957,68,910000.3859570916,211.78,4297,3,2,3.2651859988023406,2,2
879,2000,25,512734.7788937932,223.71,2292,1,2,3.1153794067443044,2,1
880,2022,3,762769.5055574658,226.95,3361,4,1,1.6413599998131725,2,3
881,1955,70,827432.4143465807,208.11,3976,5,1,3.90350421312299,0,3
882,1988,37,780363.0627911759,199.22,3917,1,1,0.8675027413704332,2,7
883,2009,16,524818.9633293215,244.67,2145,4,1,4.659291818575976,2,1
884,1977,48,354744.6305953098,208.06,1705,2,1,1.9662055734671813,1,9
885,2003,22,754662.1768906609,213.79,3530,4,1,1.074985937554957,1,6
886,1986,39,733900.7559066785,217.65,3372,5,1,2.4906493989608847,0,4
887,1958,67,729385.5524036873,204.2,3572,4,3,0.6911145916543993,1,3
888,2005,20,556236.7348047679,236.29,2354,3,3,3.5808178741923484,1,3
889,2008,17,1039730.2135109294,229.98,4521,5,3,4.5621747970041024,2,2
890,1951,74,672640.7862957919,209.68,3208,2,3,4.267683532123289,2,2
891,2010,15,860129.7292090545,214.92,4002,3,1,1.073162630515465,1,10
892,2007,18,432387.0410257919,236.02,1832,4,3,1.0682201169847934,1,5
893,2009,16,246717.9663664509,351.95,701,5,1,4.160455170459189,1,9
894,1989,36,897176.5668201512,223.9,4007,2,3,4.659144235714022,0,2
895,1985,40,976572.7481782682,207.25,4712,3,2,2.573014234250701,0,2
896,1986,39,251724.67925135957,234.38,1074,2,3,2.7453700261119467,0,6
897,1967,58,238220.4845448509,229.94,1036,4,3,1.9321791862357665,1,10
898,2012,13,514184.1816653132,241.97,2125,2,1,4.524193032153863,1,2
899,1971,54,561747.2624036099,214.24,2622,1,3,3.4020630738156017,0,4
900,1960,65,194353.7361399757,219.61,885,3,2,1.797132097253158,0,6
901,2007,18,826587.7969711117,218.62,3781,2,1,1.844522919744132,1,5
902,2006,19,280961.6803897855,288.46,974,4,1,4.51040032878621,2,1
903,1953,72,191907.6525048871,209.28,917,4,3,0.5613531075761966,0,6
904,1956,69,809712.7379333257,197.49,4100,2,1,1.9522695772698728,1,1
905,2010,15,369854.9244932172,254.37,1454,4,1,2.9946050654736607,1,3
906,2003,22,400306.9574091656,234.78,1705,5,1,1.166978579446961,2,10
907,2017,8,985628.9692003924,213.34,4620,5,1,0.914444393898154,1,5
908,1950,75,567376.4006946473,227.86,2490,5,1,4.16874348990752,1,10
909,2004,21,889695.2695039134,218.49,4072,1,1,4.524819748918283,0,5
910,1952,73,1004325.3931894517,205.8,4880,2,2,4.206228893591852,0,10
911,1987,38,1021278.340082141,219.25,4658,1,3,4.544545503818065,2,6
912,1950,75,665309.7683934513,207.07,3213,4,2,2.989003869762672,2,10
913,1987,38,576620.3718535388,213.33,2703,1,1,4.155161544456538,1,8
914,1978,47,738643.2007694525,204.05,3620,4,1,2.228191872759952,0,5
915,1954,71,343678.93524860224,234.43,1466,4,3,3.4982053766556733,2,1
916,1970,55,865263.3836358162,220.06,3932,3,2,4.94975989125124,2,5
917,2020,5,342365.20713846444,288.19,1188,5,3,1.5157747572760734,2,3
918,2016,9,1037911.6519852468,218.83,4743,4,2,2.254548858309863,1,4
919,1996,29,876992.62965777,208.76,4201,3,1,2.660213197895385,0,8
920,1984,41,238047.5927999937,283.05,841,5,3,1.1210696915902327,2,7
921,2017,8,518166.38138878136,232.99,2224,4,3,0.8646737470927555,0,5
922,2018,7,1108236.8362913695,225.16,4922,4,1,4.23375289844731,2,2
923,1950,75,483905.9983899615,211.13,2292,1,3,4.895574677724138,2,6
924,2017,8,509733.85039647983,225.65,2259,1,2,2.321262787233464,0,6
925,1961,64,747938.7115439639,201.49,3712,5,2,0.8944242628759398,0,10
926,2009,16,347769.0613211003,233.56,1489,4,2,0.7961529231075941,0,10
927,1976,49,619407.6279156839,224.26,2762,2,2,4.5109319286213445,1,6
928,2005,20,646118.3979191775,216.67,2982,1,1,2.5871641237745595,2,9
929,1972,53,338786.44407016825,233.48,1451,5,3,1.940122924530764,1,8
930,1974,51,291123.86737050366,238.24,1222,4,2,2.644075720577298,0,8
931,1970,55,796470.173239297,204.8,3889,4,1,1.932368426115563,2,1
932,2010,15,603812.5887922472,234.13,2579,2,3,2.70066098888429,1,5
933,2012,13,779867.2165969982,242.42,3217,5,3,4.368003786130716,2,7
934,2001,24,656065.8419892447,231.66,2832,4,1,3.1653561697794306,1,6
935,1974,51,793323.8127937265,204.68,3876,1,1,3.625941977645789,0,5
936,2004,21,448879.5107617519,224.44,2000,2,2,2.1410180430545145,1,8
937,1995,30,262707.27893308154,334.66,785,5,3,3.8232764532973342,2,3
938,1981,44,872258.3925462884,218.34,3995,2,3,3.4997768819571755,2,6
939,2004,21,530476.1232749791,206.81,2565,1,1,1.038028989884254,2,5
940,1954,71,321199.3469094537,253.31,1268,5,3,3.0768928390201307,2,8
941,1985,40,730405.6620242158,205.34,3557,2,2,1.655345733393911,0,4
942,1998,27,1033816.8247013512,215.87,4789,3,3,4.118430513351168,1,8
943,2007,18,564747.6546436538,212.23,2661,1,1,2.416719688101228,0,10
944,1988,37,804450.0990071343,212.09,3793,1,1,4.976078743384193,0,2
945,2010,15,316282.80679770344,218.73,1446,1,2,0.916251970725337,0,9
946,1958,67,806269.4033782159,210.24,3835,3,2,4.011565382330714,2,9
947,1955,70,988234.6180212416,212.52,4650,3,3,3.531657800939704,2,10
948,1984,41,489595.4124613424,247.15,1981,4,3,3.9537447376581754,2,10
949,1988,37,504682.30124801846,210.2,2401,2,1,1.8838840797070533,1,6
950,1971,54,851472.5994111879,215.51,3951,4,2,2.714245202220803,2,4
951,1990,35,991703.3944221088,217.29,4564,2,2,4.084288338756688,1,4
952,1954,71,120795.5523667112,218.04,554,3,2,1.5464359922938475,2,6
953,1991,34,511645.2377877411,220.25,2323,3,3,1.5171493855489344,2,5
954,2016,9,868356.2431862867,219.17,3962,4,2,2.979729289827196,0,6
955,1979,46,765780.0440479134,213.96,3579,5,1,2.856036107884351,0,7
956,2006,19,317780.5942863934,238.57,1332,4,1,1.7701811168581978,0,7
957,2022,3,1058290.680940349,215.63,4908,2,3,1.8413404273617024,1,9
958,1978,47,708003.0797050629,214.16,3306,4,3,1.7503032344295448,1,8
959,1986,39,663456.3939054122,221.89,2990,1,2,3.9718042789931935,2,6
960,1962,63,198773.4757127592,240.35,827,2,3,3.4335538950310727,1,6
961,1981,44,821117.7482116626,215.52,3810,2,1,4.245877325346138,2,5
962,1995,30,888184.3038431654,233.73,3800,5,2,4.889628627413098,1,1
963,1972,53,869924.3421379088,208.37,4175,3,1,2.633739333223939,1,9
964,1994,31,734201.4615779822,206.58,3554,2,2,0.8001224663245199,1,9
965,1966,59,530326.7865334606,200.65,2643,3,3,0.7164153968541594,0,9
966,2015,10,436325.0761836845,240.93,1811,4,2,1.8304926767222864,1,8
967,1955,70,758140.6272517709,205.4,3691,1,2,4.696450652086029,0,10
968,1967,58,647006.812552705,212.97,3038,5,1,2.854458747368937,0,3
969,1971,54,921002.248222852,205.44,4483,3,1,1.723039322360581,1,1
970,1982,43,170024.87591657112,256.06,664,2,2,2.296250575299588,2,8
971,1979,46,1009807.4390560028,211.39,4777,3,3,3.1936779833210185,2,7
972,1981,44,345655.79485490214,261.46,1322,2,3,3.43827346162029,2,5
973,1991,34,320689.2188217977,222.24,1443,3,1,1.1926377940230726,1,10
974,1959,66,1034380.2041616676,210.03,4925,2,3,4.896642544453292,2,7
975,1985,40,304653.63604893,239.13,1274,4,1,2.95147502142255,0,10
976,1983,42,571367.8252792631,211.77,2698,2,3,1.1105974300652568,2,4
977,2022,3,856066.3005338378,234.15,3656,2,2,4.521358640057602,1,9
978,1977,48,931856.9695152728,196.51,4742,1,1,0.8358729398574296,2,10
979,1960,65,882532.5489330415,210.38,4195,2,1,4.584809449298807,0,2
980,1988,37,875163.0460692297,221.45,3952,1,2,4.984545453300421,1,9
981,1996,29,372292.6033923184,263.29,1414,5,1,3.6519430962042674,2,9
982,1968,57,402330.051233892,222.53,1808,1,3,3.967012494832954,1,5
983,1964,61,965304.8489878176,206.39,4677,4,3,2.017862764103689,1,1
984,1977,48,248621.82614873743,245.43,1013,1,1,4.737095837302702,1,7
985,1973,52,560889.7929688855,231.77,2420,5,3,2.8837128474876543,2,10
986,2021,4,933332.7201261588,227.98,4094,4,1,3.795748009688997,1,10
987,1958,67,453579.1055342158,237.6,1909,3,2,4.658484721600757,2,4
988,1996,29,814843.6877321303,220.82,3690,3,1,4.888309891889787,0,9
989,1982,43,1037268.0434280155,207.83,4991,1,2,4.249419604685034,2,6
990,2011,14,460741.2339285246,224.2,2055,1,3,1.8635787814191351,0,3
991,1968,57,357477.332666952,274.14,1304,5,2,4.849463824484371,2,6
992,2016,9,480192.2452357916,269.92,1779,5,3,3.326537890596073,1,10
993,1989,36,886451.6346786668,217.43,4077,2,1,4.687891143583819,2,6
994,1996,29,786584.6102391081,231.28,3401,5,3,3.5424726161645834,1,5
995,2014,11,439793.0780082437,233.06,1887,2,1,1.8825753283147424,0,2
996,1978,47,701493.9970692651,215.12,3261,4,1,2.165110358642672,2,10
997,1999,26,683723.1607044176,215.07,3179,1,2,2.977122996963232,1,10
998,1962,63,572024.023634332,219.5,2606,4,2,4.055066787019469,0,2
999,1950,75,964865.2986386952,204.29,4723,5,2,1.9309214810315072,0,7
1000,1983,42,742599.2533323644,227.23,3268,4,2,3.1087902476038645,2,2
